{
    "weights": {
        "Ravenclaw": [
            0.5675768554773969,
            -0.8066197668421015,
            0.637551552259315,
            1.0688717054013157,
            0.3653652827332534,
            1.06923404194647,
            0.9032422066800447,
            0.4861035302212029,
            -0.6666281302224469,
            0.11361064664305172,
            0.003298550128585732,
            1.7210085964172077,
            0.40680600199142575
        ],
        "Slytherin": [
            0.18446008105945708,
            -0.5970917002803561,
            -0.9050388012518438,
            0.845292012749065,
            -1.6339021652737702,
            -0.5923483176759387,
            -0.9030695968650337,
            0.3105894109317248,
            -0.3298013445146538,
            0.7197116050095567,
            0.019369591325776796,
            -0.23111947812505465,
            -0.1721349613954713
        ],
        "Gryffindor": [
            0.04085278752284446,
            0.29879247137969,
            -1.0215489095983035,
            -0.04740028882067061,
            0.14296519079185846,
            -0.26180028982979625,
            0.6039240779197846,
            -0.8922434698868786,
            -1.571752819747215,
            -0.21412039143063397,
            -0.046465438918850695,
            -0.08351253387485463,
            1.344470004201148
        ],
        "Hufflepuff": [
            0.22446522560630452,
            1.127623892531481,
            0.8109781635122914,
            -0.8994784522616204,
            0.5491680205437741,
            -0.7298455383320336,
            -1.344907496970628,
            0.7855356050705242,
            0.2760219776935103,
            -0.17046197928218426,
            0.013084551619333107,
            0.3828637710675297,
            -0.2121666604543215
        ]
    },
    "means": {
        "Arithmancy": 49634.57024265645,
        "Astronomy": 39.79713089016473,
        "Herbology": 1.1410195296768049,
        "Defense Against the Dark Arts": -0.38786349744178633,
        "Divination": 3.1539096732863547,
        "Muggle Studies": -224.58991486346423,
        "Ancient Runes": 495.74797005915786,
        "History of Magic": 2.9630946151165936,
        "Transfiguration": 1030.0969463871304,
        "Potions": 5.950372992780089,
        "Care of Magical Creatures": -0.0534271367004963,
        "Charms": -243.37440901249997,
        "Flying": 21.9580125
    },
    "stds": {
        "Arithmancy": 16674.47957652664,
        "Astronomy": 520.1323297066418,
        "Herbology": 5.218016226138666,
        "Defense Against the Dark Arts": 5.2111322593499985,
        "Divination": 4.153969710726386,
        "Muggle Studies": 486.1894330848617,
        "Ancient Runes": 106.25120223070019,
        "History of Magic": 4.4243531771544795,
        "Transfiguration": 44.11102513805861,
        "Potions": 3.1468515893549083,
        "Care of Magical Creatures": 0.9711455533987505,
        "Charms": 8.780894559533126,
        "Flying": 97.60108742375691
    }
}