{
    "weights": {
        "Ravenclaw": [
            [
                0.6825421970074435,
                -0.12039590040669503,
                -0.4655443101618722,
                0.04160367710167145
            ],
            [
                -1.2611837522620872,
                -0.9187163929119396,
                0.2599250086992779,
                1.9583479267437034
            ],
            [
                0.3705039232977387,
                -1.2639562737647998,
                -2.789186630706257,
                1.9516685717426911
            ],
            [
                0.23911278484839113,
                1.130002930068857,
                0.30912196223255,
                -1.8459354227429696
            ],
            [
                0.19189489902458276,
                -4.405994673542166,
                1.7279859076864188,
                0.3978941419790728
            ],
            [
                2.406963388499414,
                -0.0767521632314573,
                -0.5252983738872478,
                -0.7585482254291489
            ],
            [
                0.9244726860367543,
                -0.8162399548064098,
                1.4785958480085324,
                -1.828207737266722
            ],
            [
                0.242913567322237,
                -0.8668533507679196,
                -1.134440456670483,
                0.2556282984177372
            ],
            [
                0.3701513641058378,
                1.2191377316969223,
                -2.7990420173210593,
                0.2461594853604083
            ],
            [
                0.1431630672946408,
                1.0076076947407326,
                -0.5964090973295575,
                -0.3556820635564584
            ],
            [
                0.05144844086218596,
                -0.05875842925412211,
                -0.08406914180899175,
                -0.02668234939143777
            ],
            [
                2.0845139159532393,
                -2.1595582651185787,
                -0.9225946448640467,
                0.20613444016619278
            ],
            [
                0.8289262149638039,
                -1.4070513437719094,
                1.8013633698295366,
                -1.7977375966004183
            ]
        ],
        "Slytherin": [
            [
                0.7442333781565876,
                -0.37038087324464264,
                -0.5734743483797375,
                0.019467121919545548
            ],
            [
                -0.9458434102170351,
                -1.046727314626666,
                0.2752908299177962,
                1.874098399416729
            ],
            [
                0.37392772657765533,
                -1.1526081123353855,
                -2.8208042325887304,
                1.966413941671965
            ],
            [
                0.5201309307512947,
                1.0758063869351846,
                0.3086545038672256,
                -1.9466114002053339
            ],
            [
                0.15363154939570414,
                -4.561811253179367,
                1.6662318907129177,
                0.42151299841484074
            ],
            [
                2.4160389775075664,
                -0.09155457983215154,
                -0.6298185924791047,
                -0.716247283844088
            ],
            [
                0.8726437384901791,
                -0.35763810010804004,
                1.691691841690729,
                -1.8940986488977372
            ],
            [
                0.04647475455949915,
                -0.5802780031395858,
                -1.0639343162788262,
                0.26138124841757576
            ],
            [
                0.2064955492061548,
                1.450492607284961,
                -2.704299985645021,
                0.20408721411887956
            ],
            [
                0.2182491925975669,
                0.8078749466902451,
                -0.6379309306210914,
                -0.30428565487918174
            ],
            [
                0.048020350890362905,
                -0.0807574688651627,
                -0.06860026248565365,
                0.005298084950321532
            ],
            [
                2.14519984299461,
                -2.6056942283194973,
                -0.9239587714005373,
                0.20181226852581824
            ],
            [
                0.7190524592315279,
                -1.4665384384349063,
                1.6875583164149195,
                -1.759747310737288
            ]
        ],
        "Gryffindor": [
            [
                0.6760623419772546,
                -0.3987713179678696,
                -0.5756255148127251,
                0.09101903657933405
            ],
            [
                -0.8421025693330418,
                -1.07261709941677,
                0.2725498270941142,
                1.8625976623883251
            ],
            [
                0.4044641913414142,
                -1.0633848820775846,
                -2.82755320552723,
                1.9658428830560062
            ],
            [
                0.6314652590104012,
                1.1198286619015367,
                0.3122068389491075,
                -1.9562453148162922
            ],
            [
                0.20357076746177055,
                -4.484964914371138,
                1.6940737512003814,
                0.4123586623201206
            ],
            [
                2.4315832661192105,
                -0.1688282987343549,
                -0.7088530715905751,
                -0.7280814470353628
            ],
            [
                0.8056152516960758,
                -0.08493805615229653,
                1.804657086828733,
                -1.887731830180084
            ],
            [
                -0.010813452243405313,
                -0.41854146320674596,
                -1.0778290051834827,
                0.24204240532211865
            ],
            [
                0.17454197188724568,
                1.5410725114476338,
                -2.7639105330204568,
                0.16644270527726945
            ],
            [
                0.27749361373386605,
                0.6693254487810124,
                -0.7300317648508027,
                -0.2940269314964245
            ],
            [
                0.04263400631319732,
                -0.06286266196589022,
                0.004511931291361703,
                0.011716417848436288
            ],
            [
                2.2441983548492535,
                -2.9562465969106566,
                -0.9853254579632014,
                0.2481989954862133
            ],
            [
                0.6386875611453121,
                -1.5442623285967887,
                1.6419936106781265,
                -1.7270056739639246
            ]
        ],