{
    "wights": [
        [
            0.2266982514989852,
            -0.07899529463860565,
            -0.8091577668855275,
            0.053850456405092804
        ],
        [
            -1.408226204416464,
            -1.3498183169390434,
            0.6761181763636371,
            0.6819461709375214
        ],
        [
            1.1719417975514819,
            -0.2790239252440132,
            -1.355634706439695,
            2.15701100104552
        ],
        [
            0.6875483380581792,
            0.9382687200345019,
            1.0265667535225849,
            -1.859068739377577
        ],
        [
            0.4728123893731972,
            -1.5395651075380479,
            2.0168185407474652,
            0.736147252144877
        ],
        [
            1.166995016381234,
            -0.43583541197220704,
            -0.054558846303345225,
            -1.2855832692230076
        ],
        [
            1.0553682811789473,
            -0.06066731550268813,
            0.8522492672705415,
            -1.1156163256357057
        ],
        [
            0.022656610796976603,
            0.6109863130695381,
            -0.6767150857547263,
            0.829591831454627
        ],
        [
            -0.09112057378818823,
            1.2573274146893623,
            -1.0503978040570339,
            0.3222886226458959
        ],
        [
            0.12880046919907112,
            0.34938279533310546,
            -0.12189180456166816,
            -0.32420585893325954
        ],
        [
            0.03682153981757733,
            -0.10348712816792778,
            0.0663004233905808,
            -0.0024236639870478076
        ],
        [
            0.49996030683050546,
            -1.9234879665920916,
            -0.8882456880298807,
            -0.720717998880871
        ],
        [
            0.25092322188690813,
            -0.24668151039441463,
            0.8758494216001518,
            -1.0445613352395196
        ]
    ],
    "bias": [
        [
            -2.6557881524503175,
            -3.86487446957102,
            -3.7167357158846612,
            -2.4172209393906274
        ]
    ],
    "means": {
        "Arithmancy": 49634.57024265645,
        "Astronomy": 39.79713089016473,
        "Herbology": 1.1410195296768049,
        "Defense Against the Dark Arts": -0.38786349744178633,
        "Divination": 3.1539096732863547,
        "Muggle Studies": -224.58991486346423,
        "Ancient Runes": 495.74797005915786,
        "History of Magic": 2.9630946151165936,
        "Transfiguration": 1030.0969463871304,
        "Potions": 5.950372992780089,
        "Care of Magical Creatures": -0.0534271367004963,
        "Charms": -243.37440901249997,
        "Flying": 21.9580125
    },
    "stds": {
        "Arithmancy": 16674.47957652664,
        "Astronomy": 520.1323297066418,
        "Herbology": 5.218016226138666,
        "Defense Against the Dark Arts": 5.2111322593499985,
        "Divination": 4.153969710726386,
        "Muggle Studies": 486.1894330848617,
        "Ancient Runes": 106.25120223070019,
        "History of Magic": 4.4243531771544795,
        "Transfiguration": 44.11102513805861,
        "Potions": 3.1468515893549083,
        "Care of Magical Creatures": 0.9711455533987505,
        "Charms": 8.780894559533126,
        "Flying": 97.60108742375691
    }
}